key,short_title,short_title_source,year,city,language,author_or_editor,publisher,format,volumes,ustc_id,notes
London_1685a,,,1685,London,ENGLISH,"Claude-François Milliet Dechales, Reeve Williams",Philip Lea,12,1,,
London_1703,,,1703,London,ENGLISH,"Claude-François Milliet Dechales, Reeve Williams",A. Lea,12,1,-,
Leipzig_1577,,,1577,Leipzig,LATIN,"Joachim Kammermeister, Moritz Valentin Steinmetz",Johannes Steinman,8,1,,
Strasbourg_1570,,,1570,Strasbourg,"GREEK, LATIN",Conrad Dasypodius,Konrad Dasypodius,8,1,,
Strasbourg_1599,,,1599,Strasbourg,LATIN,Conrad Dasypodius (?),Rihelij,8,1,-,
Wittenberg_1609,,,1609,Wittenberg,LATIN,Ambrosius Rhode,Paul Helwig,8,1,,
Wittenberg_1634,,,1634,Wittenberg,LATIN,Ambrosius Rhode,Heirs of Paul Helwig,8,1,-,
Wittenberg_1661,,,1661,Wittenberg,LATIN,Ambrosius Rhode,Jobi Wilh. Fincelij,8,1,2589624,
Basel_1550,,,1550,Basel,LATIN,Johannes Scheubel,Johann Herwagen,2,1,,
Florence_1690,,,1690,Florence,ITALIAN,Vincenzio Viviani,Cesare e Francesco Bindi,12,1,1720908,
Bologna_1686,,,1686,Bologna,ITALIAN,Giovanni Ricci,Giuseppe Longhi,8,1,,
Brussels_1688,,,1688,Brussels,SPANISH,Sebastián Fernández de Medrano,Lamberto Marchant,8,1,-,
Paris_1609,,,1609,Paris,FRENCH,Didier Dounot,Jacques Le Roy,,,6026094,
Paris_1610,,,1610,Paris,FRENCH,Didier Dounot,Jacques Le Roy,4,1,,
Kiel_and_Leipzig_1699,,,1699,"Kiel, Leipzig",GERMAN,Samuel Reyher,Joachim Reumann,4,1,-,
Lyon_1690,,,1690,Lyon,LATIN,"Claude-François Milliet Dechales, Amatus Varcin","Anisson, Jean Possuel, and Claude Rigaud",4,4,-,
Cambridge_1655,,,1655,Cambridge,LATIN,Isaac Barrow,Guilielmi Nealand,6,1,-,
London_1659,,,1659,London,LATIN,Isaac Barrow,,8,1,3073895,
Osnabrück_1676,,,1676,Osnabrück,LATIN,Isaac Barrow,Schwänderum,8,1,,
London_1678,,,1678,London,LATIN,Isaac Barrow,J. Redmayne,8,1,,
London_1685,,,1685,London,LATIN,Isaac Barrow,Charles Mearne,8,1,,
London_1687,,,1687,London,LATIN,Isaac Barrow,Abel Swalle,8,1,3113673,
Paris_1643,,,1643,Paris,FRENCH,Pierre Bourdín,François Pelican,12,,-,
Milan_1671,,,1671,Milan,ITALIAN,Pietro Paolo Caravaggi,Lodouico Monza,12,1,-,
Paris_1683,,,1683,Paris,FRENCH,Claude-François Milliet Dechales,Estienne Michallet,12,1,,
Paris_1690,,,1690,Paris,FRENCH,Claude-François Milliet Dechales,Estienne Michallet,12,1,,
Paris_1677a,,,1677,Paris,FRENCH,Claude-François Milliet Dechales,Estienne Michallet,12,1,,
Augsburg_1555,,,1555,Augsburg,GERMAN,Johannes Scheubel,Valentin Ottmar,4,1,,
Rotterdam_1661,,,1661,Rotterdam,DUTCH,Jan Pieterszoon Dou,Abraham van Waesberge,8,1,,
Amsterdam_1700b,,,1700,Amsterdam,DUTCH,Jan Pieterszoon Dou,Hendrik Boterenbrood,8,1,-,
Amsterdam_1701,,,1701,Amsterdam,DUTCH,Jan Pieterszoon Dou,Hendrik Boterenbrood,8,1,-,
Ansbach_1610,,,1610,Ansbach,"GERMAN, LATIN",Simon Marius,Paulum Böhem,2,1,,
Amsterdam_1662,,,1662,Amsterdam,DUTCH,Frans van Schooten,Iacob van Leest,12,1,,
Oxford_1701,,,1701,Oxford,LATIN,John Keill,Henry Clements,8,1,-,
Paris_1598a,,,1598,Paris,FRENCH,Jean Errard,Guillaume Auvray,8,1,,
Paris_1605,,,1605,Paris,FRENCH,Jean Errard,Guillaume Auvray,8,1,,
Paris_1629,,,1629,Paris,FRENCH,Jean Errard,Cardin Besongne,4,1,,
Paris_1640,,,1640,Paris,FRENCH,Jacques-Alexandre Le Tenneur,,4,,,
Paris_1565,,,1565,Paris,FRENCH,Pierre Forcadel,Charles Perier,4,1,,
Paris_1564,,,1564,Paris,FRENCH,Pierre Forcadel,"Jérôme de Marnef, Guillaume Cauellat",4,1,,
Paris_1654a,,,1654,Paris,FRENCH,Georges Fournier,Jean Henault,8,1,,
Brussels_1701,,,1701,Brussels,SPANISH,Sebastián Fernández de Medrano,Lamberto Marchant,8,1,-,
Seville_1576,,,1576,Seville,SPANISH,Rodorigo de Zamorano,Alonso de la Barrera,4,1,,
Brussels_1689,,,1689,Brussels,SPANISH,Jacobo Kresa,Francisco Foppens,4,1,1554692,
Lyon_1672,,,1672,Lyon,FRENCH,Claude-François Milliet Dechales,Benoist Coral,12,1,,
Paris_1682,,,1682,Paris,FRENCH,Claude-François Milliet Dechales,Estienne Michallet,12,1,6088268,
Amsterdam_1700,,,1700,Amsterdam,FRENCH,Claude-François Milliet Dechales,Estienne Roger,12,1,-,
Madrid_1665,,,1665,Madrid,SPANISH,"Antonio de Nájera, Juan de la Rocha",,2,1,,
Paris_1566a,,,1566,Paris,FRENCH,Pierre Forcadel,Charles Perier,8,1,,
Amsterdam_1702,,,1702,Amsterdam,DUTCH,Henrick Coets,Henrick en de Weduwe van Dirck Boom,8,1,,
Leiden_1617,,,1617,Leiden,DUTCH,Frans van Schooten,Govert Basson,12,1,,
Siena_1691,,,1691,Siena,LATIN,Elias Astorinus,Bonettos,12,1,-,
Paris_1551,,,1551,Paris,LATIN,Oronce Finé,Reginaldo Caldera,4,1,,
Paris_1536,,,1536,Paris,"LATIN, GREEK",Oronce Finé,Simon de Colines,2,1,,
Paris_1544,,,1544,Paris,LATIN,Oronce Finé,Simon de Colines,2,1,,
London_1680–81,,,1680/1681,London,ENGLISH,Jonas Moore,Robert Scott,4,2,3102825,"In ustc the author is Moore, Jonas"
Pesaro_1619,,,1619,Pesaro,LATIN,"Federico Commandino, Valerio Spacciuoli",,2,1,,
Strasbourg_1564,,,1564,Strasbourg,"GREEK, LATIN",Conrad Dasypodius,Christian Mehl,8,1,,
Strasbourg_1564b,,,1564,Strasbourg,LATIN,Conrad Dasypodius,Christian Mehl,8,1,,
Strasbourg_1566,,,1566,Strasbourg,"GREEK, LATIN","Conrad Dasypodius, Christian Herlin",Josias Rihel,4,1,,
Strasbourg_1564a,,,1564,Strasbourg,"GREEK, LATIN",Conrad Dasypodius,Konrad Dasypodius,8,1,,
Bologna_1651,,,1651,Bologna,ITALIAN,Giovanni Ricci,Gio. Batt. Ferroni,8,1,-,italiana without dot
Bologna_1651a,,,1651,Bologna,ITALIAN,Giovanni Ricci,Giuseppe Longhi,8,1,-,italiana without dot
Amsterdam_1683,,,1683,Amsterdam,LATIN,André Tacquet,Henricum Wetstenium,8,1,,
Amsterdam_1701b,,,1701,Amsterdam,LATIN,André Tacquet,Franciscus van der Plaats,8,1,-,
Cambridge_1703,,,1703,Cambridge,LATIN,"André Tacquet, William Whiston",Cornelius Crownfield,8,1,,
Rome_1574,,,1574,Rome,LATIN,Christopher Clavius,Vincentium Accoltum,8,2,https://www.ustc.ac.uk/editions/828480,
Cologne_1607,,,1607,Cologne,LATIN,"Jean Magnien, Étienne Gracile",Goswinus Cholinus,8,1,,
Cologne_1627,,,1627,Cologne,LATIN,"Jean Magnien, Étienne Gracile",Petrus Cholinus,8,1,-,
Lyon_1660,,,1660,Lyon,LATIN,Claude-François Milliet Dechales,Benedictum Coral,18,1,-,
Lyon_1675,,,1675,Lyon,LATIN,Claude-François Milliet Dechales,,6,1,,
Frankfurt_1674,,,1674,Frankfurt,LATIN,Gaspar Schott,Johann Arnold Cholini,2,1,,
Rome_1589,,,1589,Rome,LATIN,Christopher Clavius,,8,2,,
Cologne_1591,,,1591,Cologne,LATIN,Christopher Clavius,Giovanni Battista Ciotti,4,2,,
Rome_1603,,,1603,Rome,LATIN,Christopher Clavius,Aloysius Zannettus,8,2,,
Douai_1620,,,1620,Douai,LATIN,Charles Malapert de Mons,Belleri,8,1,-,
Douai_1625,,,1625,Douai,LATIN,Charles Malapert de Mons,,12,1,-,
Rome_1629,,,1629,Rome,LATIN,"Christopher Clavius, Christoph Grienberger",Heirs of Bartolomeo Zannetti,12,1,-,
Douai_1633,,,1633,Douai,LATIN,Charles Malapert de Mons,Balthazar Bellerus,12,1,-,
Paris_1643b,,,1643,Paris,LATIN,Georges Fournier,Mathurinum Henault,8,1,-,
Paris_1644a,,,1644,Paris,LATIN,Georges Fournier,Mathurinum Henault,8,1,,
Antwerp_1645,,,1645,Antwerp,LATIN,Claude Richard,Jérôme Verdussi,2,1,1004036,TP is after 14 pages of figures
Frankfurt_1654,,,1654,Frankfurt,LATIN,Christopher Clavius,Heirs of Jonas Rose,8,2,2658335,
Paris_1654,,,1654,Paris,LATIN,Georges Fournier,Jean Hénault,8,1,,
Rome_1655,,,1655,Rome,LATIN,"Christopher Clavius, Christoph Grienberger",Nicolai Angeli Tinassij,12,1,-,
Lyon_1674,,,1674,Lyon,LATIN,Claude-François Milliet Dechales,Anisson,4,3,,
Frankfurt_1607,,,1607,Frankfurt,LATIN,Christopher Clavius,Nicolai Hoffmanni,8,2,,
London_1654,,,1654,London,LATIN,Georges Fournier,Edwardi Story,12,1,,
Cambridge_1665,,,1665,Cambridge,LATIN,Georges Fournier,,12,1,3083853,"digital copy exist, but doesn;t contain title page..."
Würzburg_1661,,,1661,Würzburg,LATIN,Gaspar Schott,Job Hertz,2,1,,
Graz_1636,,,1636,Graz,LATIN,"Christopher Clavius, Christoph Grienberger, Jacobus Honoratus Durandus",Heirs of Ernst Widmanstetter,12,1,-,
Bamberg_1677,,,1677,Bamberg,LATIN,Gaspar Schott,Joh. Martini Schönwetteri,2,1,,
Ingolstadt_1617,,,1617,Ingolstadt,LATIN,Johann Lanz,Ederiano,8,1,,
Bologna_1629,,,1629,Bologna,LATIN,Johann Lanz,Heirs of Giovanni Rossi,8,1,,
Antwerp_1654,,,1654,Antwerp,LATIN,André Tacquet,Jacob Meursius,8,1,-,
Antwerp_1672,,,1672,Antwerp,LATIN,André Tacquet,Jacob Meursius,8,1,,
Padua_1694,,,1694,Padua,LATIN,André Tacquet,,8,1,-,
Oxford_1685,,,1685,Oxford,ENGLISH,Claude-François Milliet Dechales,L. Lichfield,4,1,,
London_1696,,,1696,London,ENGLISH,Claude-François Milliet Dechales,M. Gillyflower and W. Freeman,8,1,3130905,
Oxford_London_1700,,,1700,"Oxford, London",ENGLISH,Claude-François Milliet Dechales,M. Gillyflower,8,1,-,
Amsterdam_1634,,,1634,Amsterdam,"GERMAN, LATIN","Jan Pieterszoon Dou, Sebastian Curtius",Ioann Iansz,8,1,2022211,
London_1686,,,1686,London,ENGLISH,Isaac Barrow,Christopher Hussey and E. P.,12,1,3107650,
London_1660,,,1660,London,ENGLISH,Isaac Barrow,William Nealand,8,1,,
Amsterdam_1618,,,1618,Amsterdam,GERMAN,"Jan Pieterszoon Dou, Sebastian Curtius",Wilhelm Janss,4,1,,
Venice_1482,,,1482,Venice,LATIN,Erhard Ratdolt,Erhard Ratdolt,2,1,,DeRisi marked author as Campano
Arnhem_1605,,,1605,Arnhem,LATIN,Christoffer Dybvad,,4,1,-,
Vicenza_1491,,,1491,Vicenza,LATIN,Leonardo Achati,,2,1,-,"We don't have the title page, and from the wording of the title we do have, I suspect there is no title page� The EiP title is: Preclarissimus liber elementorum Euclidis perspicacissimi: in artem Geometrie incipit quamfœlicissime:"
Venice_1498a,,,1498,Venice,LATIN,Giorgio Valla,Simon Papiensem,2,3,,
Venice_1505,,,1505,Venice,LATIN,Bartolomeo Zamberti,Ioannis Tacuini,2,1,,
Frankfurt_1506,,,1506,Frankfurt,LATIN,Ambrosius Lacher,,4,1,610758,"I suspect this is not a title page, but only a title. From eip: ""Preclarissimus liber elementorum Euclidis perspicacissimi. in artem Geometrie incipit quamfoelicissime"""
Venice_1509,,,1509,Venice,LATIN,Luca Pacioli,Paganinus de Paganinis,2,1,,
Venice_1510,,,1510,Venice,LATIN,Bartolomeo Zamberti,Ioannis Tacuini,2,1,,
Paris_1516,,,1516,Paris,LATIN,Jacques Lefèvre d'Étaples,Henri Estienne,2,1,,
Basel_1533,,,1533,Basel,"GREEK, LATIN",Simon Grynaeus,Johann Herwagen,2,1,,
Basel_1537,,,1537,Basel,LATIN,Christian Herlin,Johann Herwagen,2,1,,
Strasbourg_1538,,,1538,Strasbourg,"GREEK, LATIN",Josias Rihel (?),Josias Rihel (?),4,1,,
Venice_1543,,,1543,Venice,ITALIAN,Niccolò Tartaglia,Venturino Roinelli,2,1,,"""Secondo le due Tradottioni"" - meaning, Campanus and Zamberti."
Paris_1545,,,1545,Paris,LATIN,Pierre de la Ramée,Ludouicus Grandinus,8,1,200620,
Rome_1545,,,1545,Rome,"GREEK, LATIN",Angelo Caggiano,,8,1,,
Rome_1545a,,,1545,Rome,LATIN,Angelo Caggiano,Antonio Blado Asolano,8,1,,
Basel_1546,,,1546,Basel,LATIN,Christian Herlin,Johann Herwagen,2,1,,
Leipzig_1549,,,1549,Leipzig,LATIN,"Joachim Kammermeister, Georg Joachim Rhäticus",Georg Joachim Rhäticus,8,1,654436,
Paris_1549,,,1549,Paris,LATIN,Pierre de la Ramée,Thomas Richardus,8,1,,
Paris_1551a,,,1551,Paris,LATIN,Pierre de Mondoré,Jean de Vascosan,4,1,,
Paris_1552,,,1552,Paris,LATIN,Pierre de Mondoré,Jean de Vascosan,4,1,-,
Cologne_1556,,,1556,Cologne,LATIN,Valentin Naboth,Birckmann,8,1,,
Lyon_1557,,,1557,Lyon,LATIN,Jacques Peletier,"Jean de Tournes, Guillaume Gazeau",2,1,,
Paris_1557,,,1557,Paris,LATIN,"Jean Magnien, Étienne Gracile",,8,1,,
Basel_1558,,,1558,Basel,LATIN,Christian Herlin,"Johann Herwagen, Bernhard Brand",2,1,654852,
Paris_1558,,,1558,Paris,LATIN,"Jean Magnien, Étienne Gracile",Guillaume Cavellat,8,1,,
Paris_1558a,,,1558,Paris,LATIN,Pierre de la Ramée,Thomas Richard,4,1,,
Strasbourg_1559,,,1559,Strasbourg,"GREEK, LATIN",,Josias Rihel,8,1,200012,
Basel_1562,,,1562,Basel,GERMAN,Wilhelm Holtzman,,2,1,,
Cologne_1564,,,1564,Cologne,LATIN,"Jean Magnien, Étienne Gracile",Maternum Cholinum,8,1,,
Wittenberg_1564,,,1564,Wittenberg,"GREEK, LATIN",Joannes Sthen,,8,1,,
Venice_1565,,,1565,Venice,LATIN,Niccolò Tartaglia,Curtio Troiano,8,1,,
Paris_1566,,,1566,Paris,LATIN,François de Foix-Candalle,Johann Royer,2,1,,"scans show two different editions, although seems like same text"
Venice_1569,,,1569,Venice,LATIN,Niccolò Tartaglia,Giovanni Bariletto,8,1,,
London_1570,,,1570,London,ENGLISH,"Henry Billingsley, John Dee",John Daye,2,1,,
Strasbourg_1570a,,,1570,Strasbourg,"GREEK, LATIN",Conrad Dasypodius,Christian Mehl,8,1,,
Strasbourg_1571,,,1571,Strasbourg,LATIN,Conrad Dasypodius,,8,1,,
Strasbourg_1571a,,,1571,Strasbourg,LATIN,Conrad Dasypodius,,8,1,,
Pesaro_1572,,,1572,Pesaro,LATIN,Federico Commandino,Camillo Franceschini,2,1,,
Paris_1573,,,1573,Paris,LATIN,"Jean Magnien, Étienne Gracile","Jerome de Marnef, William Cauellat",8,1,,
Urbino_1575,,,1575,Urbino,ITALIAN,"Federico Commandino, Valerio Spacciuoli",Domenico Frisolino,2,1,,
Venice_1575,,,1575,Venice,LATIN,Francesco Maurolico,Francesco Franceschi Senese,4,1,,
Paris_1578,,,1578,Paris,LATIN,François de Foix-Candalle,Jean de Tournes,2,1,,
Cologne_1580,,,1580,Cologne,LATIN,"Jean Magnien, Étienne Gracile",Maternum Cholinum,8,1,,
Venice_1585,,,1585,Venice,LATIN,Niccolò Tartaglia,Heredi di Troian Nauo,4,1,,
Venice_1586,,,1586,Venice,LATIN,Niccolò Tartaglia,Heredi di Troian Nauo,4,1,,
Cologne_1587,,,1587,Cologne,LATIN,"Jean Magnien, Étienne Gracile",Maternum Cholinum,8,1,,
Rome_1594,,,1594,Rome,"ARABIC, LATIN",Nasir al-Din al-Tusi,Medicea,2,1,,
Paris_1598,,,1598,Paris,LATIN,"Jean Magnien, Étienne Gracile",Veuve Guillaume Cavellat,8,1,,
Cologne_1600,,,1600,Cologne,LATIN,"Jean Magnien, Étienne Gracile",Gosuinus Cholinus,8,1,,
Cologne_1602,,,1602,Cologne,LATIN,François de Foix-Candalle,Jean de Tournes,2,1,,
Paris_1602,,,1602,Paris,LATIN,François de Foix-Candalle,Jean de Tournes,2,1,-,
Arnhem_1603,,,1603,Arnhem,LATIN,Christoffer Dybvad,Johannes Janssonius,4,1,,
Arnhem_1605a,,,1605,Arnhem,LATIN,Christoffer Dybvad,Johannes Janssonius,4,1,-,
Leiden_1606,,,1606,Leiden,DUTCH,Jan Pieterszoon Dou,Ian Bouvvensz,4,1,,
Beijing_1607,,,1607,Beijing,CHINESE,"Xu Guangqi, Matteo Ricci",,,1,,https://www.google.com/books/edition/%E5%B9%BE%E4%BD%95%E5%8E%9F%E6%9C%AC/EtcM0QEACAAJ
Leiden_1607,,,1607,Leiden,DUTCH,Jan Pieterszoon Dou,Ian Iansz. Orlers,4,1,-,
Geneva_1610,,,1610,Geneva,LATIN,Jacques Peletier,Jean de Tournes,4,1,,
Geneva_1611,,,1611,Geneva,FRENCH,"Jacques Peletier, Jean de Tournes",Jean de Tournes,4,1,6702902,
Beijing_1611,,,1611,Beijing,CHINESE,"Xu Guangqi, Matteo Ricci",,,1,-,
Cologne_1612,,,1612,Cologne,LATIN,Étienne Gracile,Gosuinus Cholinus,8,1,,
Paris_1612,,,1612,Paris,LATIN,Florimond du Puy,Jean de Heuqueville,2,1,,
Paris_1613,,,1613,Paris,FRENCH,Didier Dounot,Jacques Le Roy,4,1,,
Paris_1615,,,1615,Paris,FRENCH,Denis Henrion,Jean Antoine Joallin,8,1,,
Amsterdam_1616,,,1616,Amsterdam,DUTCH,Jan Pieterszoon Dou,Willem Iansz.,8,1,,
Pesaro_1619a,,,1619,Pesaro,ITALIAN,"Federico Commandino, Valerio Spacciuoli",Flaminio Concordia,2,,,
London_1620,,,1620,London,"GREEK, LATIN",Henry Briggs,William Jones,2,1,,
Paris_1621,,,1621,Paris,FRENCH,Denis Henrion,Jean Antoine Joallin,8,1,,
Paris_1622,,,1622,Paris,"FRENCH, LATIN",Pierre Le Mardelé,Denys Moreau,8,1,,
Paris_1623,,,1623,Paris,FRENCH,Denis Henrion,I. Ant. Ioallin,8,1,-,
Paris_1624,,,1624,Paris,FRENCH,Honorat de Meynier,Ivlian Iacqvin,8,,,
Amsterdam_1626,,,1626,Amsterdam,DUTCH,Jan Pieterszoon Dou,Willem Iansz. Blaeuw,8,1,-,
Paris_1626a,,,1626,Paris,LATIN,Marin Mersenne (?),,8,1,-,
Ferrara_1628,,,1628,Ferrara,LATIN,Caterino Doino,Franciscum Succium,12,1,-,
Geneva_1628,,,1628,Geneva,FRENCH,"Jacques Peletier, Jean de Tournes",Jean de Tournes,8,1,,
Beijing_1629,,,1629,Beijing,CHINESE,"Xu Guangqi, Matteo Ricci, Li Zhizao",,,1,-,
Paris_1630,,,1630,Paris,FRENCH,Denis Henrion,Samuel Thiboust,8,1,6003127,
Paris_1631,,,1631,Paris,FRENCH,Denis Henrion,Isaac Dedin,8,1,,
Paris_1632,,,1632,Paris,FRENCH,Denis Henrion,Isaac Dedin,4,1,,
Paris_1632a,,,1632,Paris,FRENCH,Pierre Le Mardelé,Denys Moreau,8,1,,
Rotterdam_1632,,,1632,Rotterdam,DUTCH,Jan Pieterszoon Dou,,8,1,,
Hamburg_1633,,,1633,Hamburg,DUTCH,Jacob Willemsz,Volrad Gaubisch,4,1,-,
Paris_1634,,,1634,Paris,"FRENCH, LATIN",Pierre Hérigone,Henri Le Gras,8,4,,
Alcala_1637,,,1637,Alcala,"DUTCH, LATIN",Luis Carducci,,4,1,,
Hamburg_1638,,,1638,Hamburg,DUTCH,Jacob Willemsz,Hendrik Werner,4,1,-,
Paris_1639,,,1639,Paris,FRENCH,Pierre Hérigone,Henri Le Gras,8,1,,
Venice_1641,,,1641,Venice,LATIN,Caterino Doino,,12,1,-,
Paris_1644,,,1644,Paris,FRENCH,Pierre Hérigone,Simon Piget,8,6,,
Paris_1644b,,,1644,Paris,"FRENCH, LATIN",Pierre Hérigone,Simon Piget,8,6,,
Paris_1644c,,,1644,Paris,LATIN,Marin Mersenne,Antoine Bertier,4,1,,
Lyon_1645,,,1645,Lyon,FRENCH,Pierre Le Mardelé,Simon Rigaud,8,1,,
Lyon_1646,,,1646,Lyon,FRENCH,Pierre Le Mardelé,Simon Rigaud,8,1,-,
Rotterdam_1647,,,1647,Rotterdam,DUTCH,Jan Pieterszoon Dou,Pieter van Waesberghe,8,1,-,
Utrecht_1647,,,1647,Utrecht,DUTCH,Jan Pieterszoon Dou,Jan van Waesberge,8,1,-,
Venice_1647,,,1647,Venice,LATIN,Caterino Doino,,8,1,-,
Rouen_1649,,,1649,Rouen,FRENCH,Denis Henrion,Clément Malassis,8,1,6811239,
London_1651,,,1651,London,ENGLISH,Thomas Rudd,Richard Tomlins and Robert Boydell,4,1,3067003,
Paris_1652,,,1652,Paris,FRENCH,Honorat de Meynier,,12,,,
Amsterdam_1660,,,1660,Amsterdam,DUTCH,Jacob Willemsz,Jan van Ravesteyn,4,1,,
London_1661,,,1661,London,ENGLISH,"John Leeke, George Serle",Richard Tomlins,2,1,,
Leiden_and_Amsterdam_1673,,,1673,"Leiden, Amsterdam",LATIN,Christian Melder,"Daniel, Abraham, and Adriaan van Gaesbeeck",6,1,,
Rouen_1676,,,1676,Rouen,FRENCH,Denis Henrion,Jean Lucas,8,2,,
Rouen_and_Paris_1677,,,1677,"Rouen, Paris",FRENCH,Denis Henrion,Jean d’Houry,8,1,-,
Naples_1679,,,1679,Naples,LATIN,Leonardo Fioravanti,Cosmi Fioravanti,8,1,,
Rotterdam_1681,,,1681,Rotterdam,DUTCH,Jan Pieterszoon Dou,Abraham van Waesberge,8,1,,
Paris_1682a,,,1682,Paris,FRENCH,"Jacques Rohault, Claude Clerselier",Guillaume Desprez,4,1,,
Lausanne_1683,,,1683,Lausanne,FRENCH,Claude-François Milliet Dechales,David Gentil,12,1,6124211,
Rouen_and_Paris_1683,,,1683,"Rouen, Paris",FRENCH,Denis Henrion,Laurent d’Houry,8,2,,
Bologna_1684,,,1684,Bologna,LATIN,D. Joanni Franciso Polo,Iosephi Longi,8,1,,
Rouen_and_Paris_1685,,,1685,"Rouen, Paris",FRENCH,Denis Henrion,J. JOMBERT,8,2,3142241,
The_Hague_1690,,,1690,The Hague,FRENCH,Jacques Rohault,Henry van Bulderen,12,3,,
Leiden_1691,,,1691,Leiden,LATIN,Henrick Coets,Daniel van Gaesbeek,4,1,-,
Leiden_1692,,,1692,Leiden,LATIN,Henrick Coets,Daniel van Gaesbeek,4,1,-,
Paris_1693,,,1693,Paris,FRENCH,Jacques Ozanam,Jean Jombert,8,5,,
Vienna_1694,,,1694,Vienna,GERMAN,Anton Ernst Burckhard von Pirckenstein,Philipp Fievets,4,1,-,
Amsterdam_1695,,,1695,Amsterdam,DUTCH,Claas Janszen Vooght,Johannes van Keulen,4,1,-,
Amsterdam_1697,,,1697,Amsterdam,FRENCH,Jacques Ozanam,George Gallet,8,5,,
Paris_1697,,,1697,Paris,"FRENCH, LATIN",Jacques Ozanam,Jean Jombert,8,5,,
Lübeck_and_Frankfurt_1699,,,1699,"Lübeck, Frankfurt",GERMAN,Anton Ernst Burckhard von Pirckenstein,Johann Wiedemeyer,4,1,2683395,
Naples_1701,,,1701,Naples,LATIN,Elias Astorinus,Felicis Mosca,8,1,-,
Milan_1702,,,1702,Milan,ITALIAN,Pietro Paolo Caravaggi,Giacinto Brenna,6,1,-,
Naples_1702,,,1702,Naples,LATIN,Porpora,Carlo Porpora,8,1,-,
London_1705,,,1705,London,ENGLISH,Isaac Barrow,E. Redmayne,12,,,
"Kiel,_Hamburg_and_Leipzig_1697",,,1697,"Hamburg, Leipzig",GERMAN,Samuel Reyher,,4,,2646026,
s.l_1650,,,1650,,LATIN,,,8,,,"Extracted presumably from Rome 1629/Graz 1636. The only copy known to us, at the Sächsische LandesbibliothekStaats- und Universitätsbibliothek Dresden, lacks a title page; we transcribe as its title the heading at the beginning of the main text. The library gives its date as ‘circa 1650’; we have not found any further relevant evidence."
Oxford_1703,,,1703,Oxford,"LATIN, GREEK",David Gregory,,2,1,,
Utrecht_n.d,,,,Utrecht,DUTCH,Nienrode,,8,,1012100,"The book gives no direct indication of its date of printing; it is sometimes catalogued c. 1615, sometimes c. 1630, but the evidence on which these conjectures are based is not clear. The introduction mentions the six-book version of Dou (1606) and the fteen-book version of van Schooten (1617) as well as the earlier Latin versions of Ramus, Proclus, Commandino, Peletarius and Clavius: thus it can be placed no earlier than 1617. It is perhaps unlikely to have been printed after the 1662 reimpression of the van Schooten edition. The only other published work of (this) Cornelis van Nienrode appears to be a work on the circle, Volkomen proportie des circkels diameter teghen synen ronden om-loop printed at Utrecht in 1628."
Lyon_1603,,,1603,Lyon,LATIN,Christoffer Dybvad,Christophorus Guyotius,4,1,,
Paris_1667,,,1667,Paris,FRENCH,Antoine Arnauld,Charles Savreux,4,1,,
Lyon_1669,,,1669,Lyon,LATIN,Honoré Fabri,Antonius Molin,12,1,,
Oxford_1705,,,1705,Oxford,ENGLISH,Edmund Scarburgh,,2,,-,https://catalogue.bnf.fr/ark:/12148/cb30409508c
Livorno_1709,,,1709,Livorno,LATIN,Angelo Marchetti,Jacob Valsif,4,1,,
Lisbon_1735,,,1735,Lisbon,PORTUGUESE,Manoel de Campos,Rita Cassiana,,1,,
Paris_1739,,,1739,Paris,FRENCH,Abbé Deidier,Charles Antoine Jombert,,1,,
Uppsala_1741,,,1741,Uppsala,LATIN,Samuel Klingenstierna,Höjer,8,1,,
Uppsala_1744,,,1744,Uppsala,SWEDISH,M. Strömer,Gottfried Kiesewetter,,,-,snippets found at https://auctionet.com/sv/814060-euclidis-elementa-eller-grundeliga-inledning-til-geometrien/images
Pisa_1658,,,1658,Pisa,LATIN,Giovanni Alfonso Borelli,Francisci Honophi,4,1,,
Paris_1675,,,1675,Paris,FRENCH,Jean Prestet,,4,1,,
Rome_1680,,,1680,Rome,ITALIAN,Vitale Giordano da Bitonto,,2,1,,
Paris_1685,,,1685,Paris,FRENCH,Bernard Lamy,,8,1,,
Nuremberg_1625,,,1625,Nuremberg,GERMAN,Lucas Brunn,Simon Halbmayer,4,1,,
London_1747,,,1747,London,ENGLISH,Thomas Simpson,Samuel Farrer,,1,,
Glasgow_1756,,,1756,Glasgow,LATIN,Robert Simson,"Robert Foulis, Andrew Foulis",,1,,
The_Hague_1758,,,1758,The Hague,FRENCH,"S. König, A. Kuypers",Henri Scheurleer,,1,,
Halle_1758,,,1773,Halle,GERMAN,J. F. Lorenz,,,,-,
London_1789,,,1789,London,ENGLISH,John Bonnycastle,J. Johnson,,1,,
Paris_1794,,,1794,Paris,FRENCH,Adrien-Marie Legendre,Firmin Didot,,1,,
Edinburgh_1795,,,1795,Edinburgh,ENGLISH,John Playfair,,,1,,
Naples_1810,,,1810,Naples,ITALIAN,Vincenzo Flauti,,,,-,1814 edition: https://books.google.com/books?id=eTsIET9bTioC
Paris_1814,,,1814,Paris,"LATIN, FRENCH",François Peyrard,M. Patris,,3,-,
Nuremberg_1821,,,1821,Nuremberg,GERMAN,Johann Wolfgang Müller,"Riegel, Wiesner",,1,,
Berlin_1824,,,1824-1825,Berlin,"GREEK, LATIN","Johann Wilhelm von Camerer, Karl Friedrich Hauber",G. Reimer,,2,,
Lund_1855,,,1855,Lund,SWEDISH,Abraham Rundbäck,Berlingena,,,-,ref: https://books.google.com/books/about/%C3%96fvers%C3%A4ttning_och_bearbetning_af_sjund.html?id=JWe2NQAACAAJ
Leipzig_1883,,,1883,Leipzig,"GREEK, LATIN","Johan Ludvig Heiberg, Heinrich Menge",B. G. Teubner,,5,,
Antwerp_1665,,,1665,Antwerp,LATIN,André Tacquet,Jacob Meursius,8,1,,
Rome_1695,,,1695,Rome,LATIN,Giovanni Alfonso Borelli,Dominicus Antonius Hercules,12,1,,
Paris_1695,,,1695,Paris,FRENCH,Bernard Lamy,André Pralard,12,,6101501,https://catalogue.bnf.fr/ark:/12148/cb30730879p
Uppsala_1642,,,1642,Uppsala,LATIN,Martinus Erici Gestrinius,Eschillus Matthiae,,,,
1496,,,1496,,LATIN,Jacques Lefèvre d'Étaples,,,,,In hoc opere contenta Arithmetica decem libris demonstrata ; Musica libris demonstrata quattuor ; Epitome i[n] libros arithmeticos diui Seuerini Boetij ; Rithmimachie ludus q[ui] [et] pugna nu[m]ero[rum] appellat[ur]
Mainz_1611_1612,,,1611/1612,Mainz,LATIN,Christopher Clavius,Reinhardus Eltz,2,1,2068332,
Strasbourg_1529,,,1529,Strasbourg,LATIN,Johann Vögelin,,,,,
Paris_1532,,,1532,Paris,LATIN,Oronce Finé,,,,,
Paris_1534a,,,1534,Paris,LATIN,Johann Vögelin,,,,,
Nuremberg_1539,,,1539,Nuremberg,GERMAN,Wolfgang Schmid,,,,,
Basel_1546b,,,1546,Basel,LATIN,Philipp Melanchthon,Johann Herwagen,,,,
ustc-44,,,1555,Paris,FRENCH,Charles de Bovelles,,,,,
Paris_1557a,,,1557,Paris,LATIN,Jean de la Pène,Guillaume Cavellat,4,,,
Paris_1557b,,,1557,Paris,"GREEK, LATIN",Jean de la Pène,Andreas Wechelus,4,,,
Strasbourg_1557,,,1557,Strasbourg,"GREEK, LATIN",Conrad Dasypodius,Conradum Dasypodium,4,,,
Messina_1558,,,1558,Messina,LATIN,Francesco Maurolico,Petrus Spira,2,,-,
Paris_1565a,,,1565,Paris,FRENCH,Pierre Forcadel,Charles Perier,4,,,
Paris_1566b,,,1566,Paris,FRENCH,Pierre Forcadel,Charles Perier,8,,30241,
Valencia_1569,,,1569,Valencia,LATIN,Pedro Monçón,,,,,
Florence_1573,,,1573,Florence,ITALIAN,Ignazio Danti,Giunti,4,,,
ustc-32,,,1578,Paris,FRENCH,Niccolò Tartaglia,,,,,
Madrid_1585,,,1585,Madrid,SPANISH,Pedro Ambrosio Ondériz,Viuda de Alonso Gomez,4,,,
Ferrara_1587,,,1587,Ferrara,ITALIAN,Francesco Patrizi,Vittorio Baldini,,,,
Tours_1593,,,1593,Tours,LATIN,François Viète,Jamet Mettayer,,,,
Leiden_1599,,,1599,Leiden,LATIN,Jean de la Pène,,4,,,
ustc-29,,,1602,Paris,FRENCH,Jean Errard,,,,6017214,
Paris_1604,,,1604,Paris,LATIN,Jean de la Pène,Dionysius Duvallius,4,,,
ustc-16,,,1604,Paris,FRENCH,Pierre Le Comte,,,,6014623,
ustc-8,,,1605,Paris,FRENCH,Charles de Bovelles,,,,6014616,
ustc-22,,,1605,Paris,FRENCH,Pierre Le Comte,,,,6015603,
ustc-43,,,1605,Paris,FRENCH,Charles de Bovelles,,,,6014616,
ustc-14,,,1608,Paris,FRENCH,Jean Bullant,,,,6018486,
ustc-54,,,1608,Paris,FRENCH,Charles de Bovelles,,,,,
ustc-2,,,1613,Paris,FRENCH,Adrien Périer,,,,6010179,
ustc-18,,,1613,Paris,FRENCH,Denis Henrion,,,,6010564,
ustc-31,,,1613,Paris,FRENCH,Niccolò Tartaglia,,,,6010179,
Leiden_1615,,,1615,Leiden,LATIN,Ludolph van Ceulen,,,,,
ustc-3,,,1617,Paris,FRENCH,Denis Henrion,,,,6011987,
ustc-33,,,1618,Paris,FRENCH,Denis Henrion,,,,6017044,
ustc-56,,,1618,Paris,FRENCH,,,,,6009758,
ustc-59,,,1618,Paris,FRENCH,Denis Henrion,,,,6001925,
ustc-57,,,1619,Paris,FRENCH,Jean Errard,,,,6015020,
Bologna_1620,,,1620,Bologna,ITALIAN,Pietro Antonio Cataldi,,,1,,
ustc-55,,,1620,Paris,FRENCH,Denis Henrion,,,,6009866,
ustc-58,,,1620,Paris,FRENCH,Denis Henrion,,,,6014004,
ustc-39,,,1621,Paris,FRENCH,Jean Errard,,,,6032076,
ustc-61,,,1621,Paris,FRENCH,Denis Henrion,,,,6032043,
ustc-62,,,1621,Paris,FRENCH,Denis Henrion,,,,6024164,
ustc-36,,,1622,Rouen,FRENCH,Jacques Chauvet,,,,,
ustc-60,,,1623,Paris,FRENCH,Denis Henrion,,,,6033007,
ustc-11,,,1624,Paris,FRENCH,Jean Boulenger,,,,6026871,
ustc-21,,,1624,Paris,FRENCH,Luis Ballester,,,,6020345,
ustc-51,,,1624,Paris,FRENCH,Jean Boulenger,,,,6026871,
Strasbourg_1625,,,1625,Strasbourg,LATIN,Joseph Langi,,,,,
ustc-4,,,1625,Paris,FRENCH,,,,,6032559,
Paris_1626,,,1626,Paris,FRENCH,Honorat de Meynier,"NICOLAS ROUSSET, Ivlian Iacqvin",4,,-,
ustc-9,,,1626,Paris,FRENCH,Luis Ballester,,,,6019182,
ustc-10,,,1626,Paris,FRENCH,Michel Connette,,,,6019018,
ustc-23,,,1626,Paris,FRENCH,Denis Henrion,,,,6018893,
ustc-38,,,1626,Paris,FRENCH,Edmund Wingate,,,,,
ustc-50,,,1626,Paris,FRENCH,Denis Henrion,,,,6011994,
ustc-26,,,1627,Paris,FRENCH,Denis Henrion,,,,6031841,
ustc-40,,,1627,Paris,FRENCH,Jean Leurechon,,,,6023406,
Jena_1628,,,1628,Jena,GERMAN,Heinrich Hofmann,,,,,
ustc-6,,,1629,Paris,FRENCH,François Malthus,,,,6022904,
ustc-15,,,1630,Paris,FRENCH,Jean Boulenger,,,,6019393,
ustc-41,,,1630,Paris,FRENCH,Jean Leurechon,,,,6032540,
ustc-47,,,1630,Paris,FRENCH,François Viète,,,,6032521,
ustc-48,,,1630,Paris,FRENCH,François Viète,,,,,
ustc-49,,,1630,Paris,FRENCH,François Viète,,,,,
ustc-28,,,1631,Rouen,FRENCH,Jacques Chauvet,,,,,
ustc-27,,,1632,Paris,FRENCH,,,,,6032117,
ustc-52,,,1632,Paris,FRENCH,,,,,,
Innsbruck_1634,,,1634,Innsbruck,LATIN,Andreas Arzet,,,,,
ustc-5,,,1634,Paris,FRENCH,Marin Mersenne,,,,6003678,
ustc-24,,,1634,Paris,FRENCH,Marin Mersenne,,,,6033586,
ustc-34,,,1634,Paris,FRENCH,Jean Boulenger,,,,6035078,
ustc-45,,,1634,Paris,FRENCH,Marin Mersenne,,,,6028340,
ustc-25,,,1635,Paris,FRENCH,Jacques Hume,,,,6028235,
Innsbruck_1636,,,1636,Innsbruck,LATIN,Andreas Arzet,,,,,is it really a different edition from 1634 ?
ustc-12,,,1636,Paris,FRENCH,Jacques Hume,,,,6028259,
ustc-46,,,1638,Paris,FRENCH,Jean de Poix,,,,6040009,
ustc-7,,,1639,Paris,FRENCH,Nicolas Forest-Duchesne,,,,6035084,
ustc-13,,,1639,Paris,FRENCH,Jean Leurechon,,,,6040268,
ustc-1,,,1640,Paris,FRENCH,Jean Boulenger,,,,6025821,
ustc-30,,,1640,Paris,FRENCH,Jean Boulenger,,,,6025821,
ustc-35,,,1640,Paris,FRENCH,Jean Boulenger,,,,,
ustc-63,,,1640,Paris,FRENCH,J.-L. de Vaulézard,,,,6039095,
ustc-20,,,1641,Paris,FRENCH,,,,,6029597,
ustc-19,,,1644,Paris,FRENCH,François Viète,,,,6036900,
ustc-53,,,1646,Paris,FRENCH,François Le Gendre,,,,6040979,
ustc-17,,,1647,Paris,FRENCH,,,,,6038799,
Amsterdam_1660a,,,1660,Amsterdam,LATIN,Gerrit Janszoon Vos,Jan Blaeu,,,,
ustc-42,,,1660,Paris,FRENCH,Jean Leurechon,,,,,
Paris_1661,,,1661,Paris,FRENCH,Pierre Bourdín,,,,,
Le_Mans_1663,,,1663,Le Mans,FRENCH,Roland Fréart,IACQVES YSAMBART,4,,,
Bologna_1663,,,1663,Bologna,ITALIAN,Giovanni Alfonso Borelli,,,,,
Turin_1671,,,1671,Turin,LATIN,Guarino Guarini,,,,,
Amsterdam_1672,,,1672,Amsterdam,DUTCH,Georg Mohr,,,,,
Valencia_1673,,,1673,Valencia,LATIN,José Zaragoza,,,,,
Florence_1674,,,1674,Florence,ITALIAN,Vincenzo Viviani,,,,,
London_1678a,,,1678,London,LATIN,Nicholas Mercator,,,1,,
Rome_1679,,,1679,Rome,LATIN,Giovanni Alfonso Borelli,,,,,
The_Hague_1683,,,1683,The Hague,FRENCH,Antoine Arnauld,,,,,
Paris_1689,,,1689,Paris,FRENCH,Jean Prestet,,,,,
Venice_1491,,,1491,Venice,LATIN,,Giovanni and Gregorio De Gregori,2,2,996750,"We don't have the title page, and from the wording of the title we do have, I suspect there is no title page
The EiP title is: ""
[Part 1]: Haec sunt opera Boetii: quae in hoc volumine continentur.
[Part 2]: Incipit tabula super libris Boetij de consolatione philo-sophiae secundum ordinem alphabeti.
"""
Venice_1498,,,1498,Venice,LATIN,Giorgio Valla,,2,3,,rendering doesn't work LIRI
Paris_1500,,,1500,Paris,LATIN,Johannes de Sacrobosco,,2,,,
Paris_1507,,,1507,Paris,LATIN,Johannes de Sacrobosco,Henri Estienne,2,,,
Paris_1511,,,1511,Paris,LATIN,Johannes de Sacrobosco,Henri Estienne,2,,,
Paris_1516a,,,1516,Paris,LATIN,Johannes de Sacrobosco,Henri Estienne,2,,,
Paris_1521,,,1521,Paris,LATIN,Johannes de Sacrobosco,Simon de Colines,2,,145470,
Paris_1527,,,1527,Paris,LATIN,Johannes de Sacrobosco,Simon de Colines,2,,,
Paris_1531,,,1531,Paris,LATIN,Johannes de Sacrobosco,Simon de Colines,2,,,
Paris_1534,,,1534,Paris,LATIN,Johannes de Sacrobosco,Simon de Colines,2,,,
Paris_1538,,,1538,Paris,LATIN,Johannes de Sacrobosco,Simon de Colines,2,,,
Basel_1546a,,,1546,Basel,"DUTCH, LATIN",,Henrichum Petrum,2,,,
Strasbourg_1572,,,1572,Strasbourg,LATIN,Conrad Dasypodius,Christian Mehl,8,,,
Rome_1591,,,1591,Rome,LATIN,Guiseppe Auria,Giovanni Martinelli,4,,https://www.ustc.ac.uk/editions/828485,
Rome_1593,,,1593,Rome,LATIN,Antonio Possevino,Typographia Apostolica Vaticana,2,,,
Venice_1603,,,1603,Venice,LATIN,Antonio Possevino,Altobello Salicato,2,,,
Basel_1570,,,1570,Basel,"DUTCH, LATIN",,Henricpetra,2,,,
Cologne_1607a,,,1607,Cologne,LATIN,Antonio Possevino,Ioannem Gymnicum,2,,,
Leipzig_1607,,,1607,Leipzig,LATIN,Christoph Meurer,Abraham Lamberg,8,,-,no copies according to EiP
Rome_1609,,,1609,Rome,LATIN,Guiseppe Auria,Giovanni Martinelli,4,,-,
Arnhem_1620,,,1620,Arnhem,LATIN,Juan Alfonso de Molina,Nicolaas Janssonius,,,,
Paris_1625,,,1625,Paris,"GREEK, LATIN",Claude Hardy,Melchioris Mondiere,4,,,
Paris_1626b,,,1626,Paris,LATIN,,Rob. Stephani,6,,-,Paris 1626a in EiP; no copies according to EiP
Amsterdam_1652,,,1652,Amsterdam,LATIN,Marcus Meibom,Ludovicum Elzevirium,4,2,,
Cambridge_1657,,,1657,Cambridge,LATIN,Isaac Barrow,,,,-,
MorisS-1-1,,,1612,Lyon,FRENCH,Claude-Gaspar Bachet de Meziriac,Pierre Rigaud,,,,
MorisS-2-1,,,1636,Paris,LATIN,Jean Beaugrand,Toussaint du Bray,,,,
MorisS-3-2,,,1643,Paris,LATIN,Jacques de Billy,Michel Soly,,,,
MorisS-3-3,,,1656,Dijon,LATIN,Jacques de Billy,PETRUM PALLIOT,,,,
MorisS-3-4,,,1658,Paris,LATIN,Jacques de Billy,Michel Soly,,,,
MorisS-3-5,,,1660,Paris,LATIN,Jacques de Billy,Michel Soly,,,,
MorisS-3-6,,,1661,Dijon,LATIN,Jacques de Billy,PETRVM PALLIOT,,,,
MorisS-4-1,,,1643,Paris,FRENCH,Abraham Bosse,Pierre Des-Hayes,,,,
MorisS-4-2,,,1643,Paris,FRENCH,Abraham Bosse,Pierre Des-Hayes,,,,
MorisS-4-3,,,1645,Paris,FRENCH,Abraham Bosse,Pierre Des-Hayes,,,,
MorisS-4-4,,,1648,Paris,FRENCH,Abraham Bosse,Pierre Des-Hayes,,,,
MorisS-4-5,,,1653,Paris,FRENCH,Abraham Bosse,Bosse,,,,
MorisS-4-6,,,1659,Paris,FRENCH,Abraham Bosse,Bosse,,,,
MorisS-4-7,,,1664,Paris,FRENCH,Abraham Bosse,Bosse,,,,
MorisS-5-1,,,1638,Paris,LATIN,Ismaël Boulliau,Louis de Heuqueville,,,,
MorisS-5-2,,,1639,Amsterdam,LATIN,Ismaël Boulliau,Willem & Johannes Blaeu,,,,
MorisS-5-3,,,1645,Paris,LATIN,Ismaël Boulliau,Simeon Piget,,,,
MorisS-5-4,,,1657,Paris,LATIN,Ismaël Boulliau,Sébastien Cramoisy,,,,
MorisS-9-3,,,1637,Leiden,FRENCH,René Descartes,Jan Maire,,,,
MorisS-10-1,,,1646,Lyon,LATIN,Honoré Fabri,Jean Champion,,,,
MorisS-10-3,,,1659,Rome,LATIN,Honoré Fabri,Francis Corbeletti,,,,
MorisS-13-1,,,1632,Paris,LATIN,Pierre Gassendi,Sébastien Cramoisy,,,,
MorisS-13-2,,,1642,Paris,LATIN,Pierre Gassendi,Louis de Heuqueville,,,,
MorisS-13-3,,,1642,Paris,LATIN,Pierre Gassendi,Louis de Heuqueville,,,,
MorisS-13-4,,,1646,Paris,LATIN,Pierre Gassendi,Louis de Heuqueville,,,,
MorisS-13-5,,,1647,Paris,LATIN,Pierre Gassendi,Louis de Heuqueville,,,,
MorisS-14-1,,,1626,The Hague,FRENCH,Albert Girard,Jacob Elzevir,,,,
MorisS-14-3,,,1629,Amsterdam,FRENCH,Albert Girard,Willem Janszoon Blaeu,,,,
MorisS-15-1,,,1630,Paris,FRENCH,Claude Hardy,Robert Sara,,,,
MorisS-16-1,,,1623,Paris,FRENCH,Denis Henrion,Fleury Bourriquant,,,,
MorisS-16-3,,,1618,Paris,FRENCH,Denis Henrion,Michel Daniel,,,,
MorisS-16-4,,,1619,Paris,FRENCH,Denis Henrion,Abraham Pacard,,,,
MorisS-16-5,,,1620,Paris,FRENCH,Denis Henrion,Abraham Pacard,,,,
MorisS-16-6,,,1620,Paris,FRENCH,"Jean Errard, Denis Henrion",,,,,
MorisS-16-7,,,1623,Paris,FRENCH,Denis Henrion,Jean Antoine Joallin,,,,
MorisS-16-10,,,1627,Lyon,FRENCH,Denis Henrion,"Claude Rigaud, Claude Obert",,,,
MorisS-16-11,,,1630,Paris,FRENCH,Denis Henrion,Isaac Desdin,,,,
MorisS-17-1,,,1634,Paris,LATIN,Pierre Hérigone,,,,,
MorisS-17-2,,,1637,Paris,LATIN,Pierre Hérigone,,,,,
MorisS-17-3,,,1642,Paris,LATIN,Pierre Hérigone,,,,,
MorisS-18-1,,,1651,Toulouse,LATIN,Antoine de Lalouvère,Petrus Bosc,,,,
MorisS-18-4,,,1660,Toulouse,LATIN,Antoine de Lalouvère,Arnaud Colomier,,,,
MorisS-20-5,,,1622,Pont-à-Mousson,LATIN,Jean Leurechon,Sébastien Cramoisy,,,,
MorisS-20-6,,,1626,Pont-à-Mousson,FRENCH,Jean Leurechon,Jean Appier Hanzelet,,,,
MorisS-21-1,,,1626,Paris,LATIN,Marin Mersenne,Robert Estienne,,,,
MorisS-21-2,,,1627,Paris,FRENCH,Marin Mersenne,Guillaume Baudry,,,,
MorisS-21-5,,,1634,Paris,FRENCH,Marin Mersenne,Jacques Villery,,,,
MorisS-21-6,,,1634,Paris,FRENCH,Marin Mersenne,Henry Guénon,,,,
MorisS-21-7,,,1636,Paris,LATIN,Marin Mersenne,Guillaume Baudry,,,,
MorisS-21-8,,,1636,Paris,FRENCH,Marin Mersenne,Pierre Ballard,,,,interesting handwritten preface: https://chatgpt.com/share/68bff49a-ad14-800a-9e78-fb66bb05ee28
MorisS-21-9,,,1638,Paris,FRENCH,Marin Mersenne,Pierre Rocolet,,,,
MorisS-21-10,,,1644,Paris,LATIN,Marin Mersenne,Antoine Bertier,,,,
MorisS-21-11,,,1644,Paris,LATIN,Marin Mersenne,Antoine Bertier,,,,
MorisS-21-12,,,1647,Paris,LATIN,Marin Mersenne,Antoine Bertier,,,,
MorisS-21-13,,,1651,Paris,FRENCH,Marin Mersenne,Chartres Langolis,,,,
MorisS-22-2,,,1631,Paris,LATIN,Jean Baptiste Morin,Jean Baptiste Morin,,,,
MorisS-22-3,,,1633,Paris,LATIN,Jean Baptiste Morin,"Jean Baptiste Morin, Jean Libert",,,,
MorisS-22-4,,,1640,Paris,LATIN,Jean Baptiste Morin,"Jean Baptiste Morin, Jean Libert",,,,
MorisS-22-5,,,1647,Paris,FRENCH,Jean Baptiste Morin,Jean Baptiste Morin,,,,
MorisS-22-6,,,1657,Paris,FRENCH,Jean Baptiste Morin,Pierre Menard,,,,
MorisS-22-7,,,1661,The Hague,LATIN,Jean Baptiste Morin,Adrian Vlacq,,,,
MorisS-23-1,,,1630,Paris,FRENCH,Claude Mydorge,Rolet Boutonné,,,,
MorisS-23-2,,,1631,Paris,LATIN,Claude Mydorge,I. Dedin,,,,
MorisS-24-1,,,1638,Paris,FRENCH,Jean François Niceron,Pierre Billaine,,,,
MorisS-24-2,,,1641,Paris,FRENCH,"Jean François Niceron, Antonio Maria Cospi",Augustin Courbé,,,,
MorisS-24-3,,,1646,Paris,LATIN,Jean François Niceron,Francis Langlois,,,,
MorisS-25-3,,,1665,Paris,FRENCH,Blaise Pascal,Guillaume Desprez,,,,
MorisS-25-8,,,1659,Paris,FRENCH,Blaise Pascal,,,,,
MorisS-26-1,,,1634,Paris,FRENCH,Pierre Petit,Melchior Mondière,,,,
MorisS-26-2,,,1665,Paris,FRENCH,Pierre Petit,Thomas Jolly,,,,
MorisS-27-1,,,1636,Paris,FRENCH,Gilles Personne de Roberval,Richard Charlemagne,,,,
MorisS-27-2,,,1644,Paris,LATIN,Gilles Personne de Roberval,Antoine Bertier,,,,
MorisS-28-1,,,1631,Brussels,FRENCH,Pierre Vernier,François Vivien,,,,
Beaulieu-1,,,1676,Paris,FRENCH,Jean de Beaulieu,Charles de Sercy,,,,
Hardy-1,,,1643,Paris,FRENCH,Claude Hardy,Robert Sara,,,,
Hardy-2,,,1643,Paris,FRENCH,Claude Hardy,Robert Sara,,,,
Hardy-3,,,1613,Paris,FRENCH,Claude Hardy,Jean Sara,,,,
MorisS-3-1,,,1637,Reims,FRENCH,Jacques de Billy,François Bernard,,,6809728,
MorisS-7-1,,,1647,Paris,FRENCH,Jacques Buot,Melchior Mondière,,,6040983,https://catalogue.bnf.fr/ark:/12148/cb301766003
MorisS-8-2,,,1636,Paris,FRENCH,Gérard Desargues,Jacques Dugast,,,6033482,
MorisS-15-2,,,1638,Paris,FRENCH,Claude Hardy,,,,,https://catalogue.bnf.fr/ark:/12148/cb39315281x
MorisS-21-4,,,1634,Paris,FRENCH,Marin Mersenne,Jacques Villery,,,,https://catalogue.bnf.fr/ark:/12148/cb33629088n
Hardy-4,,,1643,Paris,FRENCH,Claude Hardy,Robert Sara,,,6041292,
Hardy-5,,,1644,Paris,FRENCH,Claude Hardy,Robert Sara,,,6028221,
Hardy-6,,,1641,Paris,FRENCH,Claude Hardy,Robert Sara,,,6030807,
MorisS-8-3,,,1639,Paris,FRENCH,Gérard Desargues,,,,6040449,
MorisS-12-1,,,1657,Paris,LATIN,Bernard Frenicle de Bessy,Jacques Langolis,,,6074752,
MorisS-18-3,,,1659,,LATIN,Antoine de Lalouvère,,,,,
MorisS-25-4,,,1658,,LATIN,Blaise Pascal,,,,,
bib-1,,,1542,Paris,FRENCH,Charles de Bovelles,Benoît Prévost,,,24271,
bib-2,,,1547,Paris,FRENCH,Charles de Bovelles,"Regnaud Chaudiere, Claude Chaudiere",,,,
bib-3,,,1562,Paris,FRENCH,Jean Bullant,"Guillaume Cavellat, Fleury Prévost",,,23239,
bib-4,,,1564,Paris,FRENCH,Jean Bullant,Guillaume Cavellat,,,30232,
bib-5,,,1585,Paris,FRENCH,Jacques Chauvet,Henry Thierry,,,,
bib-6,,,1604,Rome,LATIN,Christopher Clavius,Aloisius Zannetti,,,,
bib-7,,,1571,London,ENGLISH,"Leonard Digges, Thomas Digges",Henrie Bynneman,,,507303,
bib-8,,,1525,Nuremberg,GERMAN,Albrecht Dürer,Hieronymus Andreae,,,,
bib-9,,,1544,Strasbourg,LATIN,Oronce Finé,,,,,
bib-10,,,1570,Paris,FRENCH,Pierre Forcadel,Gilles Gourbin,,,,
bib-12,,,1614,The Hague,FRENCH,Samuel Marolois,Henricus Hondius,,,1031914,
bib-13,,,1565,Paris,FRENCH,Jean Merliers,Gilles Gorbin,,,,
bib-14,,,1494,Venice,LATIN,Luca Pacioli,Paganino de’ Paganini,,,,
bib-15,,,1554,Lyon,FRENCH,Jacques Peletier,Jean de Tournes,,,,
bib-16,,,1572,Paris,FRENCH,Jacques Peletier,Gilles Gourbin,,,,
bib-17,,,1573,Paris,FRENCH,Jacques Peletier,Gilles Gourbin,,,,
bib-18,,,1568,Salamanca,SPANISH,Juan Pérez de Moya,Juan de Canova,,,,
bib-19,,,1583,Alcala,SPANISH,Juan Pérez de Moya,Juan Gracián,,,,
bib-20,,,1599,Rome,ITALIAN,Giovanni Pomodoro,Stefano de Paulinis,,,,
bib-21,,,1569,Basel,LATIN,Pierre de la Ramée,Eusebius Episcopius,,,,
bib-22,,,1504,Strasbourg,LATIN,Gregor Reisch,Johann Schott,,,,
bib-23,,,1556,Venice,ITALIAN,Niccolò Tartaglia,Curzio Troiano,,,,
bib-24,,,1575,Bordeaux,LATIN,Elie Vinet,Simon Millanges,,,,
bib-25,,,1577,Bordeaux,FRENCH,Elie Vinet,Simon Millanges,,,,
bib-26,,,1568,Venice,ITALIAN,Leon Battista Alberti,Francesco Franceschi,,,,
bib-27,,,1565,Venice,ITALIAN,Leon Battista Alberti,Francesco Franceschi,,,,
bib-28,,,1576,Paris,FRENCH,Jacques Androuet du Cerceau,Mamert Patisson,,,,
bib-29,,,1582,Paris,FRENCH,Jacques Androuet du Cerceau,,,,,
bib-30,,,1627,Zurich,GERMAN,Johann Ardüser,Johann Jakob Bodmer,,,2046300,
bib-31,,,1646,Zurich,GERMAN,Johann Ardüser,Johann Jakob Bodmer,,,2102714,
bib-32,,,1605,London,ENGLISH,Francis Bacon,Henrie Tomes,,,,
bib-33,,,1564,Venice,ITALIAN,Cosimo Bartoli,Francesco Franceschi,,,,
bib-34,,,1567,Venice,ITALIAN,Cosimo Bartoli,Francesco Franceschi,,,,
bib-35,,,1585,Turin,LATIN,Giambattista Benedetti,Nicolò Bevilacqua,,,813589,
bib-36,,,1551,Florence,ITALIAN,Anicius Manlius Severinus Boethius,Lorenzo Torrentino,,,,
bib-37,,,1639,Paris,FRENCH,Pierre Bourdín,François Pélican,,,,
bib-38,,,1673,Nuremberg,GERMAN,Bernhard Cantzler,"Johann Andreae, Endter",,,,
bib-39,,,1564,Venice,ITALIAN,"Girolamo Maggi, Jacomo Fusti Castriotto",Rutilio Borgominiero,,,,
bib-40,,,1596,Delft,GERMAN,Ludolph van Ceulen,Jan Andriesz,,,,
bib-41,,,1558,Venice,LATIN,Federico Commandino,,,,,
bib-42,,,1570,Pesaro,LATIN,"John Dee, Federico Commandino",Hieronymus Concordia,,,,
bib-43,,,1611,Madrid,SPANISH,Sebastián de Covarrubias,Luis Sanchez,,,,
bib-44,,,1567,Paris,FRENCH,Philibert Delorme,Frédéric Morel,,,,
bib-45,,,1587,Venice,ITALIAN,Oronce Finé,Francesco Franceschi,,,,
bib-46,,,1555,Paris,FRENCH,Abel Foullon,,,,,
bib-47,,,1561,Paris,FRENCH,Abel Foullon,Pierre Beguin,,,,
bib-48,,,1564,Venice,ITALIAN,Abel Foullon,Giordano Ziletti,,,,
bib-49,,,1567,Paris,FRENCH,Abel Foullon,Pierre Beguin,,,,
bib-50,,,1570,Basel,LATIN,"Abel Foullon, Johann Niklaus Stupanus",Peter Perna,,,,
bib-51,,,1643,Paris,FRENCH,Georges Fournier,Michel Soly,,,,
bib-52,,,1592,Venice,LATIN,Antonio Magini Giovanni,Giovanni Battista Ciotti,,,,
bib-53,,,1684,Basel,GERMAN,Jacob Meyer,"Johann Ludwig König, Johann Brandmüller",,,,
bib-54,,,1677,Paris,FRENCH,Claude-François Milliet Dechales,Etienne Michallet,,,,
bib-55,,,1652,Paris,FRENCH,"Jean François Niceron, Marin Mersenne",Chartres Langlois,,,6163947,
bib-56,,,1663,Paris,FRENCH,"Jean François Niceron, Marin Mersenne",Jean du Puis,,,6164336,
bib-57,,,1684,Paris,FRENCH,Jacques Ozanam,Estienne Michallet,,,,
bib-58,,,1700,Paris,FRENCH,Jacques Ozanam,Jean Jombert,,,,
bib-59,,,1594,Leiden,LATIN,Josephus Justus Scaliger,Franciscus Raphelengius,,,,
bib-60,,,1615,Venice,ITALIAN,Vincenzo Scamozzi,Presso L'Avtore,,,,
bib-61,,,1646,Leiden,LATIN,Frans van Schooten,Elzevier,,,,
bib-62,,,1618,Nuremberg,GERMAN,Daniel Schwenter,Simon Halbmayer,,,,
bib-63,,,1605,Leiden,LATIN,Simon Stevin,Jan Pati,,,,
bib-64,,,1579,Paris,LATIN,François Viète,Jean Mettayer,,,,
bib-65,,,1593,Tours,LATIN,François Viète,Jamet Mettayer,,,,
bib-66,,,1593,Tours,LATIN,François Viète,Jamet Mettayer,,,,
bib-67,,,1595,Paris,LATIN,François Viète,Jamet Mettayer,,,,
bib-68,,,1615,Paris,LATIN,"François Viète, Alexander Anderson",Olivier de Varennes,,,,
bib-69,,,1646,Leiden,LATIN,"François Viète, Frans van Schooten","Bonaventure, Abraham Elzevier",,,,
bib-70,,,1628,Lyon,FRENCH,Antoine de Ville,Irénée Barlet,,,,
bib-71,,,1567,Venice,LATIN,Marcus Vitruvius Pollio,Francesco de Franceschi,,,,
bib-72,,,1613,Herborn,LATIN,Johann Heinrich Alsted,Corvinus,,,,
bib-73,,,1623,Herborn,LATIN,Johann Heinrich Alsted,Corvinus,,,,
bib-74,,,1684,London,ENGLISH,,John Playford,,,3109196,
bib-75,,,1646,Zurich,GERMAN,Johann Ardüser,Johann Jacob Bodmer,,,,
bib-76,,,1598,Venice,LATIN,Franciscus Barocius,Gratiosus Perchacinus,,,,
bib-77,,,1595,Venice,ITALIAN,Silvio Belli,Ruberto Megietti,,,,
bib-78,,,1699,Paris,FRENCH,François Blondel,François Blondel,,,,
bib-79,,,1665,Padua,ITALIAN,Valeriano Bonvicino,Frambotto,,,,
bib-80,,,1691,Paris,FRENCH,"Jean Boulenger, Jacques Ozanam",Michel David,,,,
bib-82,,,1554,Lyon,LATIN,Jean Borrel,Thomas Bertel,,,,
bib-83,,,1559,Lyon,LATIN,Jean Borrel,Michael Jouve,,,,
bib-84,,,1673,Cremona,ITALIAN,Alessandro Capra,Giovanni Pietro Zanni,,,,
bib-85,,,1685,Bologna,ITALIAN,Paolo Casati,Gioseffo Longhi,,,,
bib-86,,,1664,Bologna,LATIN,Paolo Casati,Giovanni Battista Ferroni,,,,
bib-87,,,1584,Brescia,ITALIAN,Girolamo Cataneo,Thomaso Bozzola,,,,
bib-88,,,1682,Brescia,ITALIAN,Girolamo Cataneo,Domenico Gromi,,,,
bib-89,,,1678,Milan,LATIN,Giovanni Ceva,Ludovico Monti,,,,
bib-90,,,1585,Paris,FRENCH,Jacques Chauvet,Henry Thierry,,,,
bib-91,,,1563,Venice,ITALIAN,Francesco Feliciano,,,,,
bib-92,,,1692,Venice,ITALIAN,Francesco Feliciano,Giacomo Hertz,,,,
bib-93,,,1603,Venice,ITALIAN,Lorenzo Forestani,Giorgio Varisco,,,,
bib-94,,,1682,Siena,ITALIAN,Lorenzo Forestani,,,,,
bib-95,,,1668,Cambridge,LATIN,Pierre Gautruche,John Field,,,,
bib-96,,,1675,Caen,LATIN,Pierre Gautruche,Jean Cavelier,,,,
bib-97,,,1627,Naples,LATIN,Giovanni Camillo Glorioso,Lazarus Scorigio,,,,
bib-98,,,1639,Naples,LATIN,Giovanni Camillo Glorioso,Secundinus Roncaliolus,,,,
bib-99,,,1697,Nuremberg,GERMAN,Johann Sebastian Gruber,Christoph Riegel,,,,
bib-100,,,1674,Turin,ITALIAN,Guarino Guarini,Gianelli,,,,
bib-101,,,1650,Frankfurt,GERMAN,Michael Havemann,Caspar Rötel,,,,
bib-102,,,1652,Jena,GERMAN,Heinrich Hofmann,Johann Birckner,,,,
bib-103,,,1604,Frankfurt,GERMAN,Levinus Hulsius,Levinus Hulsius,,,,
bib-104,,,1681,Rome,LATIN,Paolo Giòvio,Nicolò Angelo Tinassi,,,,
bib-105,,,1594,Nuremberg,LATIN,Cornelis Jode,Christoph Lochner,,,,
bib-106,,,1621,Hanau,LATIN,Bartholomaeus Keckermann,Peter Antonius,,,,
bib-107,,,1661,Oxford,LATIN,Bartholomaeus Keckermann,William Hall,,,3080360,
bib-108,,,1617,Hanau,LATIN,Bartholomaeus Keckermann,Peter Antonius,,,2136260,
bib-109,,,1685,Paris,FRENCH,Bernard Lamy,André Pralard,,,,
bib-110,,,1692,Paris,FRENCH,Bernard Lamy,André Pralard,,,,
bib-111,,,1682,Paris,FRENCH,Sébastien Le Clerc,Jean Jombert,,,,
bib-112,,,1669,Paris,FRENCH,Sébastien Le Clerc,Thomas Jolly,,,,
bib-113,,,1690,Paris,FRENCH,Sébastien Le Clerc,Jean Jombert,,,,
bib-114,,,1669,London,ENGLISH,William Leybourn,James Flesher,,,,
bib-115,,,1690,London,ENGLISH,William Leybourn,Thomas Bassett,,,3120650,
bib-116,,,1630,Florence,ITALIAN,Giuseppe Malombra,Simone Ciotti,,,4013492,
bib-117,,,1630,Amsterdam,LATIN,Samuel Marolois,Ian Janszoon,,,1012958,
bib-118,,,1638,Amsterdam,LATIN,Samuel Marolois,Ian Janssen,,,1012946,
bib-119,,,1646,Amsterdam,LATIN,Adriaan Metius,Henderick Laurentz,,,1010590,
bib-120,,,1648,London,LATIN,William Oughtred,Thomas Harper,,,3047920,
bib-121,,,1652,Oxford,LATIN,William Oughtred,Leon Lichfield,,,,
bib-122,,,1689,Naples,LATIN,Giovanni Battista Palma,"Antonio Parrino, Michele Aloisio Mutio",,,,
bib-123,,,1558,Lyon,ITALIAN,Giovanni Francesco Peverone,Jean de Tournes,,,152457,
bib-124,,,1624,Rome,ITALIAN,Giovanni Pomodoro,Giovanni Angelo Ruffinelli,,,4005223,
bib-125,,,1691,Rome,ITALIAN,Giovanni Pomodoro,,,,1702066,
bib-126,,,1667,Rome,ITALIAN,Giovanni Pomodoro,,,,1747510,
bib-127,,,1598,Nuremberg,LATIN,Johannes Praetorius,Valentin Furmann,,,,
bib-128,,,1580,Basel,LATIN,Pierre de la Ramée,Eusebius Episcopius,,,,
bib-129,,,1569,Basel,LATIN,Pierre de la Ramée,Eusebius Episcopius,,,,
bib-130,,,1627,Frankfurt,LATIN,Pierre de la Ramée,Wechel,,,,
bib-131,,,1574,London,ENGLISH,Robert Recorde,,,,,
bib-132,,,1647,Leeuwarden,Dutch,Anguilla Rosaeus,Claude Fonteyne,,,,
bib-133,,,1650,London,ENGLISH,Thomas Rudd,Robert Leybourn,,,3061501,
bib-134,,,1641,Nuremberg,GERMAN,Daniel Schwenter,Simon Halbmayr,,,,
bib-135,,,1667,Nuremberg,GERMAN,Daniel Schwenter,"Johann Andrea Endter, Wolfgang Endter",,,,
bib-136,,,1634,Leiden,FRENCH,Simon Stevin,"Bonaventure Elzevier, Abraham Elzevier",,,,
bib-137,,,1693,Altdorf,LATIN,Johann Christoph Sturm,Heinrich Meyer,,,,
bib-138,,,1641,Louvain,LATIN,Wolfgang Philips Jakob Unverzagt,,,,,
bib-139,,,1673,Amsterdam,DUTCH,Wynant van Westen,Jacobsz,,,,
bib-140,,,1644,Arnhem,DUTCH,Wynant van Westen,Jacob van Biesen,,,,
bib-141,,,1672,Arnhem,DUTCH,Wynant van Westen,Jacob van Biesen,,,,
bib-142,,,1663,Arnhem,DUTCH,Wynant van Westen,Jacob van Biesen,,,,
bib-143,,,1690,Rome,LATIN,Girolamo Vitali,Joseph Vannacci,,,,
bib-144,,,1668,Paris,LATIN,Girolamo Vitali,Ludovic Billaine,,,,
bib-145,,,1678,Madrid,SPANISH,José Zaragoza,Antonio Francisco de Zafra,,,5056363,
bib-146,,,1671,Valencia,SPANISH,José Zaragoza,Geronimo Villagrassa,,,5056364,
bib-147,,,1555,Venice,ITALIAN,Giacomo Lanteri,"Vincenzo Valgrisi, Baldessar Costantini",,,,
bib-148,,,1598,Paris,FRENCH,Ambroise Bachot," Ambroise Bachot",,,,
bib-149,,,1606,Milan,"ITALIAN, LATIN",Luigi Colliado,"Girolamo Bordoni, Pietromartire Locarni",,,,
bib-150,,,1598,London,ENGLISH,Robert Barret,William Ponsonby,,,513584,
bib-151,,,1567,Brescia,ITALIAN,Girolamo Cataneo,Thomaso Bozola,,,,
bib-152,,,1583,Venice,ITALIAN,Girolamo Maggi,Camillo Borgominiero,,,,
bib-153,,,1579,London,ENGLISH,Leonard Digges,Henrie Bynneman,,,508740,
bib-154,,,1590,London,ENGLISH,Leonard Digges,Richard Field,,,,
bib-155,,,1503,Freiburg,LATIN,Gregor Reisch,Johann Schott,,,,
bib-156,,,1581,Venice,ITALIAN,Guidobaldo del Monte,Francesco de Franceschi,,,,
bib-157,,,1649,London,ENGLISH,Balthazar Gerbier,Robert Ibbitson,,,,
bib-158,,,1649,London,ENGLISH,"Vincent Wing, William Leybourn",Robert Leybourn,,,3049830,Urania is the Muse of astronomy
bib-159,,,1652,London,ENGLISH,"Vincent Wing, William Leybourn",,,,3067887,
bib-160,,,1656,Amsterdam,LATIN,René Descartes,Johannes Janssonius,,,,
bib-161,,,1649,Leiden,LATIN,"René Descartes, Frans van Schooten",Johannes Maire,,,,
bib-162,,,1696,Paris,FRENCH,Guillaume François Antoine de Hôpital,,,,6165588,
bib-163,,,1730,Lyon,FRENCH,Claude Rabuel,Marcellin Duplain,,,,
bib-167,,,1511,Paris,LATIN,Charles de Bovelles,H. Estienne,,,,
bib-168,,,1513,Paris,LATIN,Charles de Bovelles,Ascensius,,,,
bib-169,,,1552,Paris,FRENCH,Oronce Finé,Michel de Vascosan,,,,
bib-170,,,1526,Paris,LATIN,"Oronce Finé, Nicolas Savetier",Nicolas Savetier,,,184559,
bib-171,,,1515,Augsburg,LATIN,Johannes Foeniseca,"Johannes Miller, Johannes Foeniseca",,,,
bib-172,,,1493,Paris,LATIN,Jacques Lefèvre d'Étaples,Johannes Higman,,,,
bib-173,,,1503,Paris,LATIN,Jacques Lefèvre d'Étaples,"Hopyl, Stephanus",,,,
bib-174,,,1503,Paris,LATIN,"Charles de Bovelles, Jacques Lefèvre d'Étaples, Josse Clichtove","Wolfgang Hopyl, Henri Étienne",,,142874,"There is a handwritten ""title"" in the facsimilie. Transcription:

Epitome compendiosaque introductio in libros arithmeticos divi Severini Boetii, adiecto familiari [Clichtovei] commentario dilucidata. Praxis numerandi certis quibusdam regulis (auctore Clichtoveo). Introductio in geometriam Caroli Bovilli. Astronomicon Stapulensis.

Translation:

A concise and summary introduction to the arithmetical books of Saint Severinus Boethius, explained with an accessible commentary by [Clichtoveus].
The practice of calculation according to certain fixed rules (by Clichtoveus).
An introduction to geometry by Charles Bovillus (Charles de Bovelles).
The Astronomicon of the Stapulensian (i.e., Lefèvre d’Étaples)."
bib-175,,,1505,Paris,LATIN,"Jacques Lefèvre d'Étaples, Ramon Llull","Jean Petit, André Bocard",,,142995,
bib-176,,,1514,Paris,LATIN,Nicholas of Cusa,Badius Ascensius,,,,
bib-177,,,1543,Paris,LATIN,Pierre de la Ramée,Jacques Bogard,,,140867,
bib-178,,,1502,Nuremberg,LATIN,Raymond of Sabunde,Anton Koberger,,,,
bib-179,,,1641,Haarlem,DUTCH,Jean Belot,Thomas Fonteyn,,,1018201,"Arithmetic book; Mercantile references; Simple fractions; Interesting techniques; Word problems; Strange date notations in the last few pages; Beautiful woodcuts; Mix of blackletter, italics, roman."
bib-180,,,1628,Rotterdam,DUTCH,Matthys Bruskens,Bastiaensz,,,,"Arithmetic book; Mercantile references; Simple fractions; Interesting techniques; Word problems; Strange date notations in the last few pages; Beautiful woodcuts; Mix of blackletter, italics, roman; Matthys Bruskens;"
bib-181,,,1584,Paris,LATIN,Pierre de la Ramée,Jean Richer,,,171828,Arithmetic book; Adaptation of Ramus; Joannes Stadius;
bib-182,,,1626,Leiden,LATIN,Adriaan Metius,Elzevir,,,,
bib-183,,,1614,Franeker,DUTCH,Adriaan Metius,"Franeker, Thomas Lamberts Salwarda, Willem Jansz",,,1010609,
bib-184,,,1611,Leiden,LATIN,Adriaan Metius,"Rombertus Doyema, Elzevir",,,1010632,Another edition? at USTC 1007091
bib-185,,,1582,Antwerp,DUTCH,Simon Stevin,Christophe Plantin,,,414590,Mercantile manual; Simon Stevin; Explains how to calculate interest on profits/debts with practical examples and tables.
bib-186,,,1585,Leiden,FRENCH,Simon Stevin,Christophe Plantin,,,,"Stevin’s Arithmetics; His novel notations; Interesting style (“rigorous” with definitions, theorems, etc; many examples; schematic trees). Just amazing."
bib-187,,,1615,Leiden,DUTCH,Ludolph van Ceulen,Joris Abrahamz,,,,Ludolf van Ceulen; surveying; title: “On the Circle”; Includes tables and calculations techniques; Blackletter with technical terms in Roman; Can be interesting to compare to his more scholarly book about circles (digital); The digital copy includes many handwritten notations (!);
bib-188,,,1619,Leiden,LATIN,Ludolph van Ceulen,Joost van Colster,,,,
bib-189,,,1615,Leiden,DUTCH,Ludolph van Ceulen,"Joost van Colster, Jacob Marcus",,,,Arithmetic and geometry foundations textbook; Ludolf van Ceulen; Digital copy includes many handwritten notations (!).
bib-190,,,1701,London,ENGLISH,Samuel Jeake,Thomas Newborough,,,,"Arithmetics; ~700 pages; 1701; Mercantile references; Sciences references;  
It has a list of additional books after the epistle."
bib-191,,,1649,London,ENGLISH,John Johnson,Richard Cotes,,,,
bib-192,,,1722,London,ENGLISH,William Leybourn,"Samuel Ballard, Aaron Ward",,,,
bib-193,,,1700,London,ENGLISH,William Leybourn,J. Matthews,,,,
bib-194,,,1700,London,ENGLISH,William Leybourn,J. Matthews,,,,
bib-195,,,1700,London,ENGLISH,William Leybourn,J. Matthews,,,3135222,
bib-196,,,1752,London,ENGLISH,William Leybourn,A. Wilde,,,,
bib-197,,,1702,London,ENGLISH,William Leybourn,R. Morden,,,,
bib-198,,,1671,London,ENGLISH,Edmund Wingate,Thomas Roycroft,,,3091676,
bib-199,,,1672,London,ENGLISH,Samuel Morland,,,,,
bib-200,,,1761,Leeuwarden,DUTCH,Willem Bartjens,"Abraham Ferwerda, Gerrit Tresling",,,,
bib-201,,,1646,Franeker,LATIN,Adriaan Metius,Ulderick Balck,,,1010590,
bib-202,,,1649,Middelburg,DUTCH,Cornelis Francoiszoon Eversdijck,Anthony de Later,,,1011051,
bib-203,,,1690,Utrecht,DUTCH,Johan Coutereels,J. van Poolsum,,,,
bib-204,,,1658,Middelburg,DUTCH,Johan Coutereels,Jaques Fifrens,,,,
bib-205,,,1664,Dordrecht,DUTCH,Jan Pieterszoon Dou,Matheus van Nispen,,,,
bib-206,,,1677,"Frankfurt, Leipzig",GERMAN,Johann Heinrich Behr,Christian Weidmann,,,2590617,
bib-207,,,1669,Dordrecht,DUTCH,Mattheus van Nispen,Mattheus van Nispen,,,,
bib-208,,,1689,Dordrecht,DUTCH,Mattheus van Nispen,Mattheus van Nispen,,,,
bib-209,,,1600,Leiden,DUTCH,"Johan Sems, Jan Pieterszoon Dou",Jan Bouwmeester,,,,
bib-210,,,1600,Leiden,DUTCH,"Johan Sems, Jan Pieterszoon Dou",Jan Bouwmeester,,,,
bib-211,,,1547,Antwerp,DUTCH,Charles de Bovelles,Jan Roelants,,,,
bib-212,,,1603,Amsterdam,DUTCH,Nicolaus Petri,Cornelis Claesz,,,,
bib-213,,,1608,Rees,DUTCH,S.D.V.B.,Abraham Wylicks,,,1035104,"the initials S.D.V.B. almost certainly belong to a Dutch mathematical amateur or instrument-maker active around 1590–1605, probably Symon Dircksz van Balen (or a closely related name) — but this remains hypothetical, not confirmed by contemporary documentation."
bib-214,,,1691,"Paris, Amsterdam",FRENCH,Sébastien Le Clerc,Pierre Mortier,,,,
bib-215,,,1653,London,ENGLISH,Jean Leurechon,William Leake,,,,
bib-216,,,1694,London,ENGLISH,John Hawkins,J. Dawks,,,,"John Hawkins; Title: The English School-Master Compleated, Containing Rules for Spelling, Reading and Writing To which is Added an Appendix Containing the Principles of Arithmetic, Etc."
bib-217,,,1496,Paris,LATIN,Jourdain de Séverac,Joanne Migmanus,,,,
bib-218,,,1634,London,ENGLISH,William Webster,Miles Flesher,,,,
bib-219,,,1647,London,ENGLISH,William Webster,Miles Flesher,,,,
bib-220,,,1613,London,ENGLISH,Richard Witt,,,,,
bib-221,,,1634,London,ENGLISH,Richard Witt,Thomas Harper,,,3017439,
bib-222,,,1546,London,ENGLISH,,John Hertford,,,503714,
bib-223,,,1572,Frankfurt,GERMAN,Heinrich Schreiber,Egenolff,,,,
bib-224,,,1520,Augsburg,GERMAN,Johann Böschenstein,"Johann Miller, Erhard Oeglin",,,608078,
bib-225,,,1518,Augsburg,GERMAN,Johann Böschenstein,"Johann Miller, Erhard Oeglin",,,608077,
bib-226,,,1657,London,ENGLISH,John Newton,Joseph Moxon,,,3137342,
bib-227,,,1700,"Paris, Brussels",FRENCH,Claude Comiers,George de Backer,,,,
bib-228,,,1698,Paris,FRENCH,Claude Comiers,Michel Brunet,,,6110162,
bib-229,,,1694,Lyon,FRENCH,Claude Comiers,Hilaire Baritel,,,6165535,
bib-230,,,1694,Paris,FRENCH,Claude Comiers,Michel Brunet,,,6103042,
bib-231,,,1694,The Hague,FRENCH,Claude Comiers,Abraham Troyel,,,1838602,
bib-232,,,1527,Nuremberg,LATIN,"Johannes Wolf, Sebald Heyden",Friedrich Peypus,,,691615,Mia referenced this as the link for some reason or by mistake: https://makingscience.royalsociety.org/items/clp_25/classified-papers-volume-25-concerning-politics-and-trades
bib-233,,,1691,Brussels,FRENCH,Claude Comiers,Jean Léonard,,,1526702,
bib-234,,,1660,London,ENGLISH,John Newton,"Robert Leybourne, William Leybourne",,,3075243,
bib-235,,,1702,London,ENGLISH,William Jones,J. Matthews,,,,
bib-236,,,1654,London,ENGLISH,John Newton,"Robert Leybourne, William Leybourne",,,,
bib-237,,,1673,London,ENGLISH,"William Leybourn, Edmund Gunter",Andrew Clark,,,3090477,
bib-238,,,1716,Paris,FRENCH,Nicolas Bion,Boudot,,,,
bib-239,,,1521,Nuremberg,GERMAN,Heinrich Schreiber,Johann Stuchs,,,614997,Mia: (page 9 includes a woodcut that needs to be added in addition)
bib-240,,,1623,Nuremberg,GERMAN,Andreas Albrecht,,,,,
bib-241,,,1634,Nuremberg,GERMAN,Andreas Albrecht,Simon Halbmayer,,,,
bib-242,,,1670,Nuremberg,GERMAN,Andreas Albrecht,Paulus Fürst,,,,
bib-246,,,1494,Venice,ITALIAN," Lucas de Burgo S. Sepulchri",Paganinus de Paganinis,,,993495,
bib-247,,,1484,Venice,ITALIAN,Pietro Borghi,Erhard Ratdolt,,,,"from:
https://ilovetypography.com/2019/03/14/the-first-printed-math-books/
Considered the second oldest math textbook; best-seller - 17 editions ; by Pietro Borghi. ; 1st ed. Printed Erhard Ratdolt in Venice"
bib-248,,,1491/1492,Florence,ITALIAN,Filippo Calandri,"Lorenzo Morgiani, Johann Petri",,,996427,
bib-250,,,1694,Paris,FRENCH,Jacques Ozanam,Jean Jombert,,,,
bib-251,,,1560,Cologne,LATIN,Johannes Stadius,Birckmann,,,695966,Astronomy book; Mainly tables; Johannes Stadius; Paratext might be interesting;
bib-252,,,1570,,LATIN,Johannes Stadius,,,,,
bib-253,,,1583,Lyon,LATIN,Johannes Stadius,"Q. Philip Tinghi, Symphorian Beraud, Stephen Michael",,,,
bib-254,,,1591,Cologne,LATIN,Michaël Eytzinger,Godefridus Kempensis,,,,"A history book that defines the principles of Ahnentafel, a genealogical numbering system, still in use today; Michaël Eytzinger;"
bib-255,,,1574,Cologne,LATIN,"Petrus Apianus, Gemma Frisius",Birckmann,,,,"Petrus Apianus; Gemma Frisius; Cosmography; Seems to be more high brow; Incredible woodcuts;
https://referenceworks.brill.com/display/entries/CPO/cp011050.xml"
bib-256,,,1677,London,ENGLISH,Henry Phillippes,Andrew Clark,,,,"A math manual, with logarithm tables explained and Applied in arithmetics, geometry, astronomy, geography, surveying, navigation, dialing, gunnery, and gauging; I added a different book by the same author: https://live-schrire.pantheonsite.io/node/1485

"
bib-257,,,1694,London,ENGLISH,William Leybourn,"Richard Baldwin, John Dunton",,,,"William Leybourn; A book of “recreations” (in this context: puzzles, many of them of mathematical nature); An algebraic treatise added to the book"
bib-258,,,1585,Leiden,DUTCH,Simon Stevin,Christophe Plantin,,,,https://en.wikipedia.org/wiki/De_Thiende
bib-259,,,1591,Tours,LATIN,Michel Psellos,Claude Michael,,,,"Arithmetics, geometry and music textbook;"
bib-260,,,1659,Dordrecht,DUTCH,Mattheus van Nispen,Mattheus van Nispen,,,,Astronomy; Seems quasi-interesting; Mattheus van Nispen; Title: Astronomisch en geometrisch quadrant
bib-261,,,1683,London,ENGLISH,Joseph Moxon,Joseph Moxon,,,,"Mechanick exercises, or, The doctrine of handy-works : applied to the art of printing"
bib-262,,,1582,Antwerp,FRENCH,Gemma Frisius,Jean Withage,,,,
bib-263,,,1558,Paris,FRENCH,Pierre Forcadel,"Benoît Prévost, Guillaume Cavellat",,,23232,https://catalogue.bnf.fr/ark:/12148/cb30449051z
bib-264,,,1573,Antwerp,FRENCH,"Valentin Mennher, Michel Coignet",Jean Waesberghe,,,75745,
bib-265,,,1609,Rotterdam,FRENCH,Valentin Mennher,Jean Waesberghe,,,,
bib-266,,,1563,Antwerp,FRENCH,Valentin Mennher,Gilles Copenius,,,,
bib-267,,,1651,Paris,FRENCH,Pierre Mallet,Pierre Mallet,,,,
bib-268,,,1625,Amsterdam,FRENCH,Samuel Marolois,Johannes Janssonius,,,1009154,
bib-269,,,1625,Leiden,FRENCH,"Simon Stevin, Albert Girard",Elzevir,,,1011749,
bib-270,,,1668,Vlissingen,DUTCH,Cornelis Francoiszoon Eversdijck,Jacob Lambrechtz,,,,
bib-271,,,1645,Middelburg,DUTCH,Johan Coutereels,Geeraert Moulert,,,,
Bologna_1629a,,,1629,Bologna,LATIN,Ovidio Montalbani,Clement Ferroni,,,,
London_1666,,,1666,London,LATIN,Nicholas Mercator,Thomas Roycroft,,,3084759,
Bologna_1693,,,1693,Bologna,LATIN,Geminiano Rondelli,Longus,,,,
London_1695,,,1695,London,ENGLISH,William Alingham,"J. Moxon, Benjamin Beardwell",,,3128413,
London_1700,,,1700,London,ENGLISH,William Alingham,William Alingham,,,3132716,
Barcelona_1698,,,1698,Barcelona,SPANISH,Francisco Larrando de Mauleón,Tomás Loriente,,,5056679,
bib-272,,,1654,Paris,FRENCH,Blaise Francois Pagan,Cardin Besongne,,,,
bib-273,,,1685,Amsterdam,FRENCH,Alain Manesson Mallet,"Gilles Janssonius, Jan Janssonius",,,,
bib-274,,,1607,Padua,LATIN,Baldassarre Capra,"Pietro Paolo Tozzi, Lorenzo Pasquato",,,,
bib-275,,,1623,Franeker,LATIN,Adriaan Metius,Ulrich Dominicus Balck,,,,
bib-276,,,1560,Padua,LATIN,Francesco Barozzi,Gracioso Perchacino,,,,
bib-277,,,1514,Augsburg,GERMAN,Jacob Koebel,Öglin,,,,
bib-278,,,1527,Augsburg,GERMAN,Adam Ries,Peypus,,,,
bib-279,,,1696,London,ENGLISH,Samuel Jeake,"Walter Kettilby, Richard Mount",,,3133834,"ΛΟΓΙΣΤΙΚΗΛΟΓΙΑ is Greek for ""Logistike Logia"" meaning ""The Art/Science of Calculation"" or ""Arithmetical Reasoning."""
bib-280,,,1600,Paris,FRENCH,Jean Errard,,,,53108,
bib-281,,,1706,London,ENGLISH,William Jones,J. Matthews,,,,
bib-282,,,1563,Paris,FRENCH,Claude de Boissière,Guillaume Cavellat,,,,
bib-283,,,1603,London,ENGLISH,Humfrey Baker,Thomas Purfoot,,,,
bib-284,,,1687,London,ENGLISH,"Humfrey Baker, Henry Phillippes","J. Richardson, William Thackery",,,,
bib-285,,,1564,London,ENGLISH,Humfrey Baker,"Henry Denham, James Rowbothum",,,,
M3VH2F,ggggg,Specified in source,1539,,ARABIC,Abbé Deidier,,,1,,